{"cameraMode":{"drawMode":0,"name":"Shaded","section":"Shading Mode"},"sceneLighting":false,"audioPlay":false,"sceneViewState":{"showFog":true,"showMaterialUpdate":false,"showSkybox":false,"showFlares":true,"showImageEffects":true,"showParticleSystems":true},"in2DMode":false,"pivot":{"x":19.970823287963868,"y":6.362173080444336,"z":0.2656264305114746},"rotation":{"x":0.06740925461053848,"y":-0.034415289759635928,"z":0.0023273846600204708,"w":0.9971340894699097},"size":2.947605609893799,"orthographic":false}