{"cameraMode":{"drawMode":0,"name":"Shaded","section":"Shading Mode"},"sceneLighting":true,"audioPlay":false,"sceneViewState":{"showFog":true,"showMaterialUpdate":false,"showSkybox":true,"showFlares":true,"showImageEffects":true,"showParticleSystems":true},"in2DMode":false,"pivot":{"x":-0.030722737312316896,"y":4.778989791870117,"z":5.6574811935424809},"rotation":{"x":0.03446517139673233,"y":0.041970495134592059,"z":-0.0014168443158268929,"w":0.9985506534576416},"size":7.5020751953125,"orthographic":false}