{"cameraMode":{"drawMode":0,"name":"Shaded","section":"Shading Mode"},"sceneLighting":false,"audioPlay":false,"sceneViewState":{"showFog":true,"showMaterialUpdate":false,"showSkybox":false,"showFlares":true,"showImageEffects":true,"showParticleSystems":true},"in2DMode":false,"pivot":{"x":-7.269742965698242,"y":5.120625972747803,"z":1.3313249349594117},"rotation":{"x":0.22690349817276,"y":0.004382705315947533,"z":-0.0010212676133960486,"w":0.9739106893539429},"size":1.5468850135803223,"orthographic":false}