{"cameraMode":{"drawMode":0,"name":"Shaded","section":"Shading Mode"},"sceneLighting":false,"audioPlay":false,"sceneViewState":{"showFog":true,"showMaterialUpdate":false,"showSkybox":false,"showFlares":true,"showImageEffects":true,"showParticleSystems":true},"in2DMode":false,"pivot":{"x":2.4981298446655275,"y":-0.9626083970069885,"z":-7.479689598083496},"rotation":{"x":0.22690349817276,"y":0.004382705315947533,"z":-0.0010212676133960486,"w":0.9739106893539429},"size":3.5643458366394045,"orthographic":false}