{"cameraMode":{"drawMode":0,"name":"Shaded","section":"Shading Mode"},"sceneLighting":false,"audioPlay":false,"sceneViewState":{"showFog":true,"showMaterialUpdate":false,"showSkybox":false,"showFlares":true,"showImageEffects":true,"showParticleSystems":true},"in2DMode":false,"pivot":{"x":14.756426811218262,"y":6.088436603546143,"z":-0.22633612155914308},"rotation":{"x":-0.3020396828651428,"y":-0.386846661567688,"z":0.13573001325130464,"w":-0.8606615662574768},"size":0.6495190262794495,"orthographic":false}